,effect,cost,hydro_weight_num_abs_dhydro,lockless_cons,ddg_abs,clashes_introduced,SAP_scores
0,1,13.0,108.0,2.7620755106563104,0.163,5.0,-0.5
1,1,0.5,-3063.6000000000004,2.7620755106563104,0.213,14.0,-0.64
2,1,0.5,4452.0,2.7620755106563104,0.712,0.0,-0.49
3,0,-0.5,24.000000000000004,2.7620755106563104,0.683,1.0,-0.34
4,1,4.0,34.0,2.7620755106563104,0.181,1.0,-0.68
5,1,5.0,-403.19999999999993,2.7620755106563104,1.019,0.0,-1.15
6,1,6.0,-16.800000000000004,2.7620755106563104,0.495,7.0,-1.15
7,1,-0.5,-12.599999999999998,2.7620755106563104,0.676,1.0,0.13
8,1,14.5,234.00000000000003,2.7620755106563104,0.762,1.0,0.25
9,1,13.5,148.20000000000002,2.7620755106563104,0.587,0.0,-0.95
10,1,0.5,4452.0,2.7620755106563104,0.745,0.0,-0.95
11,1,0.0,218.70000000000005,2.7620755106563104,0.549,2.0,-0.85
12,0,0.5,4452.0,2.7620755106563104,0.979,0.0,-0.79
13,1,13.5,148.20000000000002,2.7620755106563104,0.578,0.0,-0.79
14,1,-3.5,-300.0,2.7620755106563104,1.144,7.0,-0.06
15,1,3.0,-1738.8,2.7620755106563104,2.575,0.0,-0.01
16,0,-0.5,-0.0,2.7620755106563104,0.078,0.0,-0.74
17,1,0.0,218.70000000000005,2.7620755106563104,0.075,3.0,-0.65
18,1,2.0,-73.6,2.7620755106563104,0.819,4.0,-0.94
19,1,-0.5,73.6,2.7620755106563104,0.918,2.0,-0.8
20,1,2.0,-68.39999999999999,2.7620755106563104,0.707,2.0,-0.8
21,1,3.0,-234.00000000000003,2.7620755106563104,2.302,0.0,-0.8
22,1,-0.5,-0.0,2.7620755106563104,0.174,4.0,-0.58
23,1,5.0,432.0,2.7620755106563104,0.187,9.0,-0.73
24,1,1.5,-312.0,2.7620755106563104,2.398,1.0,-0.51
25,1,3.0,-234.00000000000003,2.7620755106563104,3.13,2.0,-0.39
26,0,5.0,432.0,2.5024106271907,0.195,7.0,-0.46
27,1,1.5,312.0,2.7612128996042,0.744,4.0,0.22
28,1,5.0,-403.19999999999993,3.30943456356544,1.998,0.0,-0.53
29,0,-0.5,3063.6000000000004,2.20679438416569,0.603,0.0,-0.9
30,1,0.5,4452.0,2.20679438416569,1.163,0.0,-0.9
31,0,0.0,218.70000000000005,3.28626482816502,0.255,0.0,-0.07
32,1,0.5,4452.0,2.53316602593059,0.551,0.0,-0.7
33,1,-1.5,2008.8000000000002,3.00514486758322,0.512,0.0,-0.32
34,1,2.0,-73.6,2.35294067009326,0.9,3.0,0.36
35,1,-0.5,73.6,2.82796752235985,0.299,0.0,0.54
36,0,-0.5,-39.2,3.3350582219689,0.175,0.0,-0.93
37,1,13.5,148.20000000000002,4.21514362949972,0.45,0.0,-0.47
38,1,0.5,4452.0,4.21514362949972,1.027,0.0,-0.47
39,0,0.5,353.59999999999997,2.54233663340259,0.638,0.0,0.15
40,1,6.0,-1078.8000000000002,2.48703734111505,0.01,6.0,0.46
41,1,0.0,218.70000000000005,2.28648588552328,0.241,4.0,0.11
42,0,5.0,432.0,1.96379148079934,0.09,1.0,-0.38
43,1,1.5,312.0,3.23188817705997,0.723,7.0,-0.15
44,1,6.0,-16.800000000000004,3.53628863706849,0.208,8.0,0.23
45,1,2.0,-73.6,2.8928281722998,0.515,0.0,-0.23
46,1,18.5,168.0,3.55614703811091,0.283,0.0,-0.6
47,1,13.0,108.0,3.55614703811091,0.242,0.0,-0.6
48,0,18.5,168.0,2.20178255789166,0.487,0.0,-0.46
49,1,13.0,108.0,2.20178255789166,0.672,1.0,-0.46
50,1,14.5,234.00000000000003,2.47854184076769,0.163,3.0,-0.38
51,0,-2.5,1427.6000000000001,2.44834078314527,0.098,1.0,-0.5
52,1,13.5,148.20000000000002,2.44834078314527,0.397,1.0,-0.5
53,1,2.0,-192.00000000000003,2.3427388700376,0.175,7.0,-0.54
54,1,3.0,-1539.8999999999999,2.3427388700376,0.207,14.0,-0.54
55,0,2.0,-73.6,2.949874634996,1.302,1.0,0.69
56,0,2.0,-73.6,2.7355661917218,1.119,1.0,0.62
57,1,-0.5,24.000000000000004,3.28626482816502,0.699,1.0,0.09
58,0,0.5,4452.0,2.53316602593059,1.068,0.0,-0.28
59,1,3.5,956.8,2.8233146541519,0.358,2.0,-0.38
60,1,-1.5,-41.6,3.25914703582603,0.536,3.0,-0.64
61,0,-2.5,0.0,3.35627764504074,0.656,2.0,-0.5
62,0,0.5,4452.0,3.25910140538406,1.608,0.0,-0.5
63,0,-3.5,-300.0,2.38658366632455,0.781,3.0,-0.6
64,1,13.5,148.20000000000002,3.19040050483741,0.538,1.0,-0.46
65,1,2.0,-73.6,2.00378198100674,1.154,6.0,-0.02
66,1,2.0,-2.0,2.49061031434055,0.206,1.0,0.23
67,1,2.0,-2.0,2.7581150932178,0.297,0.0,-0.89
68,1,1.0,-69.6,2.92162988536094,0.828,1.0,-0.79
69,1,4.0,-48.0,2.18164742786828,0.476,11.0,-0.62
70,1,5.5,-6494.4,2.24364338509925,0.081,17.0,-0.38
71,1,14.5,234.00000000000003,2.8402346463798,0.181,0.0,-0.23
72,1,5.0,-403.19999999999993,3.30488872574441,1.773,0.0,0.18
73,0,13.0,108.0,2.46000260646007,0.161,2.0,-0.91
74,0,18.5,168.0,2.46000260646007,0.169,0.0,-0.91
75,1,8.0,2.0,2.45313409159255,0.226,1.0,-0.76
76,1,8.0,2.0,2.7245547949279,0.284,6.0,-0.28
77,1,5.0,432.0,2.33991258424179,1.398,8.0,0.58
78,0,4.0,-48.0,2.28091785721527,0.494,4.0,-0.05
79,1,13.5,148.20000000000002,2.5434160637264,0.014,0.0,-0.4
80,1,-2.5,1427.6000000000001,2.5434160637264,0.091,0.0,-0.4
81,1,5.0,-403.19999999999993,2.28007575376143,0.794,0.0,0.29
82,1,3.5,956.8,2.49187267660933,0.298,9.0,-0.37
83,1,5.0,-403.19999999999993,2.55478077788396,0.537,0.0,-0.57
84,0,-0.5,-12.599999999999998,2.68519244252764,0.064,0.0,-0.66
85,1,-3.5,-300.0,2.54865759570495,0.716,5.0,-0.76
86,1,8.0,2.0,2.61348235753367,0.148,0.0,-0.67
87,1,13.0,108.0,2.46958264565223,0.728,7.0,-0.58
88,1,18.5,168.0,2.46958264565223,0.616,1.0,-0.58
89,1,14.5,234.00000000000003,3.63117402342695,0.194,0.0,-0.15
90,0,-1.5,2008.8000000000002,2.67823606117518,0.767,0.0,-0.42
91,1,5.0,12.599999999999998,2.91380308878451,0.328,1.0,-0.29
92,1,-0.5,-0.0,5.04963228013428,0.029,0.0,-1.02
93,1,0.5,6494.4,3.29621289510863,0.377,0.0,-1.1
94,0,-2.5,-1427.6000000000001,2.25932896356752,0.085,0.0,0.28
95,1,-0.5,24.000000000000004,2.34373548867457,0.481,0.0,-0.09
96,1,-1.5,16.800000000000004,2.49853952867192,1.735,1.0,0.12
97,1,2.0,-73.6,2.99040870956269,1.292,8.0,-0.21
98,1,-3.5,-300.0,2.58655669961252,0.941,2.0,0.14
99,1,4.0,34.0,3.22698855557089,2.059,3.0,0.06
100,1,1.5,-312.0,2.48988739805695,3.239,0.0,-0.01
101,0,-1.5,699.5999999999999,2.53806394787901,0.126,0.0,-0.44
102,0,9.5,403.19999999999993,2.18164742786828,1.124,0.0,-0.52
103,1,2.0,1539.8999999999999,2.55134095746633,1.293,6.0,-0.69
104,0,13.5,148.20000000000002,2.55134095746633,0.77,3.0,-0.69
105,1,-2.5,1427.6000000000001,2.55134095746633,1.339,1.0,-0.69
106,0,-3.5,-300.0,2.40760499118519,0.768,2.0,-0.25
107,1,-0.5,-0.0,2.32144202864919,0.107,7.0,0.07
108,1,-0.5,-39.2,2.47831892607539,0.372,1.0,-0.45
109,1,-0.5,-0.0,2.45313409159255,0.155,0.0,-0.6
110,0,13.5,148.20000000000002,3.65914511626974,0.357,0.0,-0.51
111,1,2.0,-73.6,2.678657965132,0.953,0.0,-0.65
112,1,1.5,312.0,2.87635815546705,1.778,1.0,-0.24
113,1,5.0,12.599999999999998,2.5434160637264,0.872,5.0,-0.24
114,1,2.0,-73.6,2.50354900059728,0.865,6.0,-0.41
115,1,8.0,2.0,2.7620755106563104,0.198,14.0,-0.32
116,1,13.0,108.0,2.49926221462215,0.647,4.0,-1.35
117,1,18.5,168.0,2.49926221462215,0.315,4.0,-1.35
118,1,6.0,-16.800000000000004,3.34890393758691,0.836,7.0,0.03
119,1,4.0,-48.0,2.37437014349816,0.73,6.0,0.12
120,0,-9.0,300.0,2.70305984900028,0.633,0.0,-0.45
121,0,8.0,2.0,3.21227654433407,0.161,0.0,-1.25
122,0,-0.5,-0.0,2.5588843233527,0.376,0.0,-0.67
123,1,1.5,-312.0,2.22505427046809,1.014,0.0,-0.26
124,0,14.5,234.00000000000003,2.7307148668239,0.011,0.0,-0.16
125,0,-5.0,-176.7,3.65861632978507,0.006,0.0,0.46
126,1,9.5,403.19999999999993,2.5951287038142,0.269,0.0,0.0
127,1,13.5,148.20000000000002,2.68136867415868,0.37,0.0,-0.6
128,1,1.0,-40.0,5.08759374615152,4.228,2.0,-0.73
129,1,-0.5,24.000000000000004,3.30049774185828,0.423,0.0,-0.59
130,1,0.5,353.59999999999997,2.26919444627192,0.106,0.0,-1.02
131,1,-0.5,-0.0,2.92597743768865,0.155,3.0,-0.94
132,1,0.5,4452.0,2.3432578516357,0.636,0.0,-0.66
133,1,13.5,148.20000000000002,2.3432578516357,0.132,0.0,-0.66
134,1,14.5,234.00000000000003,2.7612128996042,0.1,0.0,-0.1
135,1,5.5,-6494.4,2.49318800593537,0.156,2.0,-0.68
136,0,4.0,-48.0,2.17263671484376,0.212,6.0,-0.85
137,1,8.0,2.0,2.20178255789166,0.096,2.0,0.18
138,1,18.5,168.0,2.32566479328107,0.19,3.0,-0.2
139,1,1.0,-369.6,3.16111697433838,0.136,1.0,-0.31
140,0,-3.5,-300.0,2.3427388700376,0.299,3.0,-0.06
141,0,5.5,-6494.4,2.37664939475377,0.124,15.0,-0.74
142,1,1.0,-2008.8000000000002,2.27692370634268,0.457,2.0,-0.68
143,0,-0.5,-0.0,2.9064300411103,0.304,1.0,-0.82
144,1,3.0,-1738.8,2.35294067009326,2.212,0.0,-0.59
145,1,5.0,432.0,1.7765292817369,0.33,0.0,-0.11
146,0,-3.5,-300.0,3.17323021995284,0.16,1.0,-0.58
147,1,-0.5,-39.2,3.60164733342473,0.116,0.0,-0.98
148,1,-1.5,699.5999999999999,2.55346386256617,0.134,0.0,-0.57
149,1,0.5,4452.0,2.21198271029083,0.454,2.0,-0.68
150,1,13.5,148.20000000000002,2.21198271029083,0.068,2.0,-0.68
151,1,13.0,108.0,2.24444594661731,0.113,0.0,-0.42
152,0,4.0,-48.0,2.31206144422211,0.377,2.0,-0.38
153,1,1.0,533.6,2.31206144422211,0.457,2.0,-0.38
154,1,5.0,432.0,2.60045768797139,0.04,0.0,-0.11
155,0,-5.0,-176.7,2.60045768797139,0.519,0.0,-0.11
156,1,-0.5,-0.0,2.36644984769664,0.279,2.0,-0.01
157,1,2.0,-20.7,2.94445203142867,0.093,2.0,0.06
158,0,-2.5,48.0,2.79077282129674,0.408,0.0,0.29
159,1,5.0,432.0,2.55206048829476,0.447,0.0,0.33
160,1,9.5,403.19999999999993,3.01082512142696,2.048,2.0,0.69
161,0,-1.5,-41.6,3.01082512142696,0.14,2.0,0.69
162,1,-3.5,-300.0,3.01082512142696,0.217,2.0,0.69
163,1,-3.0,-4.200000000000001,3.2526233728863,0.099,1.0,-0.29
164,1,5.0,12.599999999999998,2.93106654092863,0.017,1.0,-0.37
165,1,-0.5,24.000000000000004,2.53259871412632,0.411,0.0,-0.58
166,1,8.0,2.0,2.42334226739383,0.134,0.0,-0.41
167,1,9.5,403.19999999999993,2.46958264565223,1.1,3.0,-0.71
168,1,8.0,2.0,2.20517632113003,0.286,2.0,-0.28
169,1,18.5,168.0,2.81583417106562,0.252,0.0,-0.44
170,1,5.0,432.0,2.51627914164797,0.079,9.0,-0.34
171,1,18.5,168.0,3.26742823000099,0.321,0.0,-1.04
172,1,13.5,148.20000000000002,2.49705571058883,0.407,0.0,-0.73
173,1,4.0,-48.0,2.27057311870221,0.106,1.0,-0.85
174,0,-3.0,-33.6,3.18327166524095,0.057,0.0,-0.35
175,0,-9.0,300.0,2.76037240258028,0.37,0.0,-0.63
176,1,8.0,2.0,2.55981878794627,0.131,3.0,-0.5
177,1,9.5,403.19999999999993,2.23460190827011,0.154,8.0,-0.56
178,1,6.0,-16.800000000000004,2.24618092771435,0.566,0.0,0.5
179,1,-3.5,-300.0,2.31296820334204,0.031,2.0,-1.12
180,1,9.5,403.19999999999993,2.31296820334204,0.039,2.0,-1.12
181,1,1.0,0.0,3.64985392675922,0.426,0.0,-0.11
182,1,1.5,312.0,3.10770213097578,1.062,1.0,0.04
183,1,1.0,39.2,2.53353548895587,0.24,0.0,-0.16
184,1,1.0,-1944.0,2.78449639905666,1.251,0.0,-0.04
185,0,0.5,4452.0,3.02352674498936,0.521,0.0,-0.55
186,1,13.5,148.20000000000002,3.02352674498936,0.29,0.0,-0.55
187,1,9.5,403.19999999999993,1.74473091845662,0.021,0.0,-0.88
188,0,5.0,12.599999999999998,3.36052361299077,0.185,1.0,-0.82
189,1,-0.5,24.000000000000004,2.54834017976463,0.447,0.0,-0.55
190,1,3.0,-1539.8999999999999,2.54834017976463,0.295,1.0,-0.55
191,1,13.0,108.0,2.00784062547065,1.12,6.0,-0.76
192,1,18.5,168.0,2.00784062547065,0.143,1.0,-0.76
193,1,-3.0,-4.200000000000001,2.99377645514672,0.217,4.0,-0.21
194,1,1.0,33.6,2.92244497948968,0.298,0.0,-1.0
195,0,-9.0,300.0,2.54119520760899,0.166,0.0,-0.63
196,1,6.0,-1078.8000000000002,2.1740223382616,0.434,9.0,-0.87
197,1,4.0,-48.0,2.55633229302689,0.108,2.0,-0.53
198,1,14.5,234.00000000000003,2.55590171828392,0.396,0.0,-0.1
199,0,-2.5,-604.8000000000001,2.55590171828392,0.199,1.0,-0.1
200,1,13.5,148.20000000000002,2.84346266767739,0.149,2.0,-0.55
201,0,0.5,6494.4,2.84346266767739,1.305,0.0,-0.55
202,1,3.5,956.8,2.54980722728424,0.376,3.0,0.1
203,1,18.5,168.0,2.45454661526295,0.414,4.0,-0.97
204,1,-9.0,300.0,3.66075580398031,0.478,0.0,-0.48
205,1,-3.5,-300.0,2.34320972638029,0.146,3.0,-0.6
206,0,8.0,2.0,3.23999034628429,0.215,0.0,-0.47
207,1,18.5,168.0,3.0229654696448,0.023,0.0,0.04
208,0,13.5,148.20000000000002,3.26527291036001,0.189,7.0,-0.77
209,0,-2.5,1427.6000000000001,3.26527291036001,0.335,2.0,-0.77
210,1,-0.5,3063.6000000000004,3.26527291036001,0.543,4.0,-0.77
211,1,0.5,4452.0,3.26527291036001,0.784,1.0,-0.77
212,1,18.5,168.0,3.27969574434808,0.185,1.0,-0.27
213,1,0.5,6494.4,3.27969574434808,1.226,0.0,-0.27
214,1,3.0,-1539.8999999999999,2.55206048829476,0.392,0.0,0.11
215,1,-1.5,-34.0,3.16705092729617,2.28,1.0,0.62
216,1,0.0,218.70000000000005,2.49187267660933,0.552,0.0,0.49
217,1,0.0,218.70000000000005,3.01082512142696,0.534,4.0,0.07
218,1,18.5,168.0,2.67811310917194,0.258,3.0,-0.3
219,1,3.0,-57.8,2.93106654092863,0.736,5.0,-0.82
220,1,3.5,956.8,2.54865759570495,0.683,6.0,-0.32
221,1,-2.5,1427.6000000000001,3.02855021534832,0.069,3.0,-0.61
222,1,0.5,4452.0,3.02855021534832,0.357,0.0,-0.61
223,1,13.5,148.20000000000002,3.02855021534832,0.241,4.0,-0.61
224,1,2.0,-73.6,2.4091538319509,0.961,8.0,-0.5
225,0,0.5,92.4,3.34217168814443,0.402,0.0,-0.66
226,0,-3.0,-33.6,3.2646677693957,0.185,3.0,-0.62
227,1,0.5,92.4,2.50060448805305,0.059,0.0,-0.13
228,1,13.0,108.0,2.48657403758908,1.258,1.0,-0.61
229,1,18.5,168.0,2.48657403758908,0.37,0.0,-0.61
230,1,13.0,108.0,2.56635815744561,0.531,0.0,-0.73
231,1,9.5,403.19999999999993,2.23906465361218,0.881,8.0,-0.33
232,0,2.0,-73.6,2.24594693514533,0.338,0.0,0.66
233,0,-0.5,24.000000000000004,2.61880352643763,0.666,0.0,0.24
234,1,13.0,108.0,2.46130465573884,0.081,0.0,-0.95
235,0,1.5,312.0,2.46057124558997,1.28,0.0,-1.05
236,1,3.0,-197.6,3.53894031676396,1.781,0.0,0.06
237,0,-9.0,300.0,3.23220264949241,0.087,0.0,-0.36
238,1,-3.0,-33.6,2.87862874522224,0.623,0.0,-0.64
239,1,1.0,-168.0,2.92444507089132,0.406,1.0,-0.64
240,1,-3.5,-300.0,2.9250753238401,0.619,3.0,-1.04
241,1,18.5,168.0,3.35627764504074,0.151,0.0,-1.03
242,1,4.0,-48.0,4.2109453354424,0.633,8.0,-0.16
243,1,6.0,-1078.8000000000002,4.2109453354424,0.677,11.0,-0.16
244,1,-3.5,-300.0,2.6979945311504,0.102,0.0,-0.08
245,1,6.0,-16.800000000000004,1.95925197073341,0.409,1.0,0.38
246,1,13.0,108.0,3.22698855557089,0.568,10.0,-1.58
247,0,18.5,168.0,3.22698855557089,0.177,0.0,-1.58
248,1,-3.5,-300.0,2.48988739805695,0.552,5.0,-1.56
249,1,9.5,403.19999999999993,2.48988739805695,0.297,5.0,-1.56
250,1,8.0,2.0,2.18164742786828,0.114,0.0,-0.18
251,0,-3.0,-4.200000000000001,3.53234079167923,0.126,0.0,0.23
252,1,8.0,2.0,2.52423515823251,0.156,1.0,-0.36
253,1,3.0,-92.4,2.61942714836394,1.156,0.0,-0.28
254,1,13.0,108.0,3.50302617211388,0.288,0.0,-1.08
255,1,13.0,108.0,2.1259379778925,0.318,5.0,-0.57
256,1,3.0,-57.8,3.29823063070978,0.089,8.0,-0.42
257,1,13.5,148.20000000000002,3.31757810944752,0.564,0.0,-0.5
258,1,0.5,4452.0,3.31757810944752,0.572,3.0,-0.5
259,1,0.5,-3063.6000000000004,3.33742129427684,0.559,0.0,-0.26
260,1,5.0,12.599999999999998,2.38898443057795,0.16,1.0,0.27
261,1,18.5,168.0,2.49012002252479,0.325,0.0,-0.02
262,1,0.5,6494.4,2.49012002252479,0.654,0.0,-0.02
263,0,1.5,-312.0,2.99256582969294,0.162,0.0,-0.65
264,1,14.5,234.00000000000003,2.58455013691167,2.043,2.0,0.02
265,1,14.5,234.00000000000003,2.92253662478974,0.997,0.0,-0.15
266,1,4.0,-48.0,3.52633976034581,0.421,4.0,-0.68
267,1,14.5,234.00000000000003,2.51967483144119,0.744,2.0,-0.09
268,0,-2.5,-1880.9999999999998,2.51967483144119,0.313,8.0,-0.09
269,1,14.5,234.00000000000003,2.24095254035684,0.573,0.0,-0.17
270,0,-1.5,16.800000000000004,3.50311656733223,1.178,0.0,-0.48
271,1,-0.5,-0.0,2.46269972536563,0.057,0.0,-0.61
272,1,4.0,-48.0,2.97254767302231,0.516,5.0,-1.11
273,1,1.5,-312.0,2.33612486943491,3.424,0.0,-0.02
274,0,5.0,12.599999999999998,2.87341708748058,0.144,0.0,-0.32
275,1,13.5,148.20000000000002,2.91355636175507,0.103,4.0,-0.48
276,1,4.0,34.0,3.29869114283269,0.133,3.0,-0.72
277,1,0.5,92.4,2.49635028587885,1.192,0.0,-0.43
278,1,6.0,-1078.8000000000002,2.49635028587885,1.103,10.0,-0.43
279,1,-0.5,24.000000000000004,3.31873872153092,0.607,0.0,-0.06
280,1,2.0,197.6,2.7620755106563104,0.489,0.0,-0.13
281,1,2.0,-73.6,2.7620755106563104,0.974,2.0,-0.03
282,1,4.0,-48.0,1.74991961940035,0.06,2.0,-0.36
283,1,-3.5,-300.0,2.69276704169962,0.451,4.0,-0.52
284,1,0.5,4452.0,2.90652239068586,0.244,0.0,-0.55
285,1,13.5,148.20000000000002,2.90652239068586,0.367,3.0,-0.55
286,1,0.5,353.59999999999997,2.52646355294262,0.038,0.0,-0.35
287,1,3.0,-1738.8,3.58020403715937,2.192,0.0,-0.57
288,0,-3.5,-300.0,2.45898879897188,0.149,2.0,-0.44
289,1,9.5,403.19999999999993,2.45898879897188,0.434,3.0,-0.44
290,1,2.0,-73.6,2.50995091310235,1.862,8.0,-0.56
291,1,5.5,-6494.4,2.73945069823827,0.428,10.0,-0.73
292,1,13.0,108.0,2.86551011016271,0.211,10.0,-0.68
293,1,18.5,168.0,2.86551011016271,0.292,1.0,-0.68
294,0,-2.5,-93.60000000000001,2.51602068080726,0.834,7.0,-0.37
295,1,2.0,-68.39999999999999,2.51602068080726,0.047,0.0,-0.37
296,1,14.5,234.00000000000003,2.40363483467574,0.466,1.0,-0.82
297,1,18.5,168.0,2.60336998537336,0.369,0.0,-0.42
298,1,4.0,-48.0,2.19750775392848,0.093,2.0,-0.59
299,1,14.5,234.00000000000003,2.4226480125737,0.117,3.0,-0.86
300,1,5.0,2280.0,3.51141939846623,2.402,0.0,-0.15
301,1,2.0,197.6,4.20833416260496,2.04,6.0,0.13
302,0,0.5,4452.0,3.31532686980186,0.469,1.0,-0.81
303,1,13.5,148.20000000000002,3.31532686980186,0.311,8.0,-0.81
304,1,-0.5,-12.599999999999998,2.55808915869482,0.234,0.0,0.44
305,0,-2.5,1078.8000000000002,2.48637775735978,0.323,0.0,-0.87
306,1,0.5,92.4,2.8896981552273,0.402,0.0,-1.11
307,1,1.0,1738.8,2.8896981552273,0.444,4.0,-1.11
308,1,6.0,-1078.8000000000002,2.8896981552273,0.017,6.0,-1.11
309,1,2.0,-73.6,2.93106654092863,1.144,4.0,-0.38
310,1,2.0,-73.6,2.9764505875254,1.687,5.0,0.11
311,0,-3.5,-300.0,3.20780678381355,0.301,0.0,0.1
312,1,9.5,403.19999999999993,3.20780678381355,0.09,1.0,0.1
313,1,5.0,2280.0,4.18885790709961,2.717,0.0,-0.38
314,1,0.5,4452.0,2.88592882179363,0.658,0.0,-0.86
315,1,-2.5,1427.6000000000001,2.88592882179363,0.505,4.0,-0.86
316,1,-1.5,192.00000000000003,3.29621289510863,0.351,1.0,-0.64
317,1,1.0,40.0,2.74407928398687,1.578,0.0,-0.13
318,1,14.5,234.00000000000003,2.97745040473274,0.207,6.0,-0.4
319,1,1.0,604.8000000000001,3.69663439204711,0.091,0.0,-0.54
320,1,-3.5,-300.0,2.70487423674582,0.576,2.0,0.15
321,1,0.5,4452.0,2.96414344532481,0.367,0.0,-0.93
322,1,3.5,956.8,2.57686660317884,0.426,2.0,-0.62
323,1,13.5,148.20000000000002,2.69129401921175,0.34,4.0,-0.49
324,0,0.5,4452.0,2.69129401921175,0.21,0.0,-0.49
325,1,18.5,168.0,2.2774865819412,0.795,0.0,-1.15
326,1,13.0,108.0,2.2774865819412,0.8,1.0,-1.15
327,0,-1.5,192.00000000000003,2.47861400159291,0.9,7.0,-1.05
328,1,5.5,-6494.4,2.22278763387937,0.192,15.0,-0.03
329,1,2.0,-73.6,1.99585186785294,1.137,1.0,-0.67
330,1,0.5,4452.0,2.90170066566129,0.426,0.0,-0.8
331,1,5.5,-6494.4,2.69999405075963,0.067,3.0,-0.52
332,1,18.5,168.0,3.27969574434808,0.232,0.0,-0.44
333,0,2.0,-73.6,1.96750396180558,0.02,1.0,-0.55
334,0,0.0,218.70000000000005,2.48637775735978,0.049,0.0,-1.11
335,1,4.0,-48.0,2.1962006539866,0.102,3.0,-0.1
336,1,1.0,-4452.0,3.50063618270048,0.276,0.0,-0.37
337,1,5.5,-6494.4,2.23165767593721,0.619,3.0,-1.26
338,0,2.0,-73.6,2.74407928398687,0.818,5.0,-0.15
339,1,-0.5,3063.6000000000004,2.50800946476341,0.119,0.0,-0.63
340,1,0.5,4452.0,2.50800946476341,0.305,0.0,-0.63
341,1,-2.5,1427.6000000000001,2.50800946476341,0.009,0.0,-0.63
342,1,13.5,148.20000000000002,2.50800946476341,0.389,1.0,-0.63
343,1,18.5,168.0,2.05888122336405,0.27,1.0,-0.41
344,0,13.0,108.0,2.05888122336405,0.474,0.0,-0.41
345,1,4.0,-48.0,2.47942639323517,0.392,0.0,-0.28
346,1,3.0,-57.8,3.21640051096511,0.532,9.0,0.12
347,1,13.5,148.20000000000002,2.53670446592311,0.078,2.0,-0.06
348,1,2.0,-0.0,2.52359028837669,0.092,7.0,0.33
349,1,0.5,4452.0,2.23776867335384,0.014,3.0,-0.65
350,0,-3.0,-4.200000000000001,3.31087016947638,0.198,2.0,-0.79
351,1,14.5,234.00000000000003,2.76702840048768,0.2,13.0,-0.27
352,1,13.5,148.20000000000002,2.30897578400665,0.198,0.0,-0.06
353,1,2.0,1539.8999999999999,2.30897578400665,0.577,3.0,-0.06
354,1,14.5,234.00000000000003,3.16179022088155,0.677,7.0,0.15
355,1,5.5,-6494.4,3.66553147266044,0.723,15.0,-0.89
356,1,13.5,148.20000000000002,2.69352879592151,0.021,10.0,-0.88
357,1,18.5,168.0,2.7620755106563104,0.487,0.0,-0.6
358,0,-2.5,1427.6000000000001,2.7620755106563104,0.422,0.0,-0.91
359,1,13.5,148.20000000000002,2.7620755106563104,0.163,2.0,-0.91
360,1,4.0,34.0,2.7620755106563104,0.379,4.0,0.49
361,1,4.0,-48.0,2.7620755106563104,0.329,0.0,0.2
362,1,13.0,108.0,2.7620755106563104,0.491,1.0,-0.56
363,1,8.0,2.0,2.7620755106563104,0.081,1.0,-0.85
364,0,0.5,-3063.6000000000004,2.7620755106563104,0.026,1.0,-0.39
365,1,-3.5,-300.0,2.7620755106563104,0.314,9.0,-0.11
366,0,0.5,4452.0,2.7620755106563104,0.033,0.0,-0.41
367,1,2.0,0.0,2.7620755106563104,0.072,5.0,0.02
368,1,14.5,234.00000000000003,2.7620755106563104,0.141,0.0,0.27
369,1,-3.5,-300.0,2.7620755106563104,0.65,3.0,0.4
370,1,2.0,-73.6,2.7620755106563104,0.017,1.0,0.58
371,1,-0.5,24.000000000000004,2.7620755106563104,0.193,0.0,0.16
372,1,5.0,432.0,2.7620755106563104,1.208,0.0,0.21
373,1,2.0,-20.7,2.7620755106563104,0.062,2.0,-0.59
374,1,18.5,168.0,1.76318883792331,0.155,0.0,-0.83
375,1,5.5,-6494.4,2.91366296024132,0.968,0.0,-0.52
376,1,18.5,168.0,2.40601305667718,0.277,1.0,-0.07
377,1,2.0,-73.6,2.09664721686431,1.873,0.0,0.81
378,1,3.0,-92.4,2.55206048829476,0.941,0.0,0.68
379,0,4.0,-48.0,2.30124324774784,0.803,2.0,0.55
380,1,6.0,-1078.8000000000002,2.30124324774784,0.201,2.0,0.55
381,0,2.0,-73.6,2.88396946768996,0.223,0.0,0.71
382,1,6.0,-16.800000000000004,2.88396946768996,0.302,0.0,0.71
383,1,8.0,2.0,2.93106654092863,0.099,0.0,0.05
384,1,0.5,4452.0,2.31704853483683,0.139,0.0,-0.85
385,0,13.5,148.20000000000002,2.31704853483683,0.094,5.0,-0.85
386,1,4.0,-48.0,2.74711511117919,0.674,6.0,-0.62
387,1,5.0,12.599999999999998,3.76186754427407,0.136,2.0,-0.18
388,1,1.0,65.6,3.132802528413,0.055,2.0,0.41
389,1,5.0,2280.0,3.132802528413,2.056,0.0,0.41
390,1,5.0,12.599999999999998,2.48146936215199,0.132,0.0,0.28
391,1,0.5,353.59999999999997,2.88592882179363,0.88,0.0,-0.9
392,1,1.0,26.4,5.04963228013428,0.248,0.0,-0.33
393,1,13.5,148.20000000000002,3.32155903308058,0.695,2.0,-1.29
394,1,13.5,148.20000000000002,3.34066561122346,0.564,1.0,-1.38
395,1,0.5,4452.0,3.34066561122346,1.127,0.0,-1.38
396,1,14.5,234.00000000000003,2.51577983951672,0.252,0.0,-1.06
397,1,9.5,403.19999999999993,2.68217231162623,2.134,0.0,-0.12
398,1,9.5,403.19999999999993,2.57032897134716,0.775,0.0,-0.37
399,1,2.0,-73.6,3.57810119313112,0.629,2.0,-0.33
400,1,13.0,108.0,2.21492699751981,0.838,1.0,-0.72
401,1,18.5,168.0,2.21492699751981,0.886,0.0,-0.72
402,1,2.0,-73.6,3.51223783591895,0.975,0.0,-0.34
403,1,18.5,168.0,2.94414715455002,0.435,2.0,-1.22
404,0,3.5,956.8,2.23158519496089,0.112,0.0,-0.39
405,1,5.0,2280.0,3.49182423332128,1.295,0.0,-0.52
406,1,3.0,-197.6,3.49182423332128,0.705,1.0,-0.52
407,1,5.0,12.599999999999998,2.50543678357852,0.013,3.0,-0.51
408,0,-2.5,-26.4,2.48975865867587,0.849,1.0,-1.04
409,1,2.0,-192.00000000000003,2.5951821413016,0.565,9.0,-0.56
410,1,5.0,432.0,2.5951821413016,1.213,8.0,-0.56
411,1,5.0,12.599999999999998,4.19709055656598,0.019,0.0,-0.41
412,1,13.5,148.20000000000002,2.34376890545692,0.456,0.0,-0.87
413,1,5.0,12.599999999999998,2.7620755106563104,0.003,1.0,-0.48
414,1,2.0,-218.70000000000005,2.7620755106563104,0.039,0.0,-0.77
415,1,2.0,-0.0,2.4084014247055,0.019,6.0,0.43
416,1,-3.5,-300.0,2.81037992400917,0.096,0.0,-0.01
417,0,-1.5,-34.0,2.54684236351244,0.146,5.0,-0.1
418,1,3.0,-197.6,2.45664318022288,2.802,8.0,-0.17
419,1,5.0,2280.0,2.45664318022288,2.671,3.0,-0.17
420,1,3.0,-234.00000000000003,2.55981878794627,2.302,2.0,0.3
421,1,5.0,12.599999999999998,2.49021011246391,0.136,2.0,0.37
